{"identity": {"hostname": "bvqdemo05d","fullhostname": "bvqdemo05d.labwi.sva.de","ipaddress": "10.10.111.97","njmon_command": "/usr/lbin/njmon -ff -s 5 -c 5","njmon_mode": "njmon-JSON","njmon_version": "AIX7-86-13/01/25","username": "root","userid": 0},"tags": {"host_tag": "bvqdemo05d","os_tag": "AIX","architecture_tag": "POWER9","serial_no_tag": "781F0B1","mtm_tag": "IBM-9009-22G"},"timestamp": {"datetime": "2025-01-13T18:53:25","UTC": "2025-01-13T17:53:25","epoch_seconds": 1736790805.832,"epoch_nanoseconds": 1736790805832026112,"snapshot_seconds": 5,"snapshot_maxloops": 5,"snapshot_loop": 4,"sleeping": 4.628,"execute_time": 0.372,"sleep_overrun": -0.000,"elapsed": 5.000,"Xint": 125,"Xfrac": 64},"server": {"aix_version": 7.300,"aix_technology_level": 2,"aix_service_pack": 1,"aix_build_year": 2023,"aix_build_week": 46,"serial_no": "781F0B1","lpar_number_name": "20,bvqdemo05d","machine_type": "IBM-9009-22G","uname_node": "bvqdemo05d","errpt_errors": 39,"autorestart": 1,"systemid": "06781F0B1","fwversion": "FW950.60(VL950_111)","XIVE": 1,"partition_uuid": "45c0177b-f3b9-4c53-9933-2ff3eb7d7294"},"config": {"partitionname": "bvqdemo05d","nodename": "bvqdemo05d","processorFamily": "POWER9","processorModel": "IBM,9009-22G","machineID": "781F0B1","processorMHz": 3000.000,"pcpu_max": 16,"pcpu_online": 8,"OSname": "AIX","OSversion": "7.3","OSbuild": "Oct 27 2023 11:32:28 2343A_73D","lcpus": 16,"smtthreads": 8,"drives": 2,"nw_adapter": 2,"cpucap_min": 10,"cpucap_max": 100,"cpucap_desired": 0,"cpucap_online": 0,"cpucap_weightage": 128,"entitled_proc_capacity": 0.200,"vcpus_min": 1,"vcpus_max": 4,"vcpus_desired": 0,"vcpus_online": 2,"processor_poolid": 0,"activecpusinpool": 8,"cpupool_weightage": 128,"sharedpcpu": 8,"maxpoolcap": 800,"entpoolcap": 645,"mem_min": 2048,"mem_max": 16384,"mem_desired": 0,"mem_online": 4096,"mem_weightage": 0,"ams_totiomement": 0,"ams_mempoolid": 0,"ams_hyperpgsize": 0,"expanded_mem_min": 2048,"expanded_mem_max": 16384,"expanded_mem_desired": 0,"expanded_mem_online": 4096,"ame_targetmemexpfactor": 0,"ame_targetmemexpsize": 0,"subprocessor_mode": "0x00000000"},"partition_type": {"smt_capable": 1,"smt_enabled": 1,"lpar_capable": 1,"lpar_enabled": 1,"shared_capable": 1,"shared_enabled": 1,"dlpar_capable": 1,"capped": 0,"kernel64bit": 1,"pool_util_authority": 1,"donate_capable": 1,"donate_enabled": 0,"ams_capable": 1,"ams_enabled": 0,"power_save": 1,"shared_extended": 0,"invol_virt_cswitch": 13.200,"vol_virt_cswitch": 336.006},"cpu_logicals": {"cpu000": {"user": 6.012,"sys": 1.202,"wait": 0.000,"idle": 92.786},"cpu001": {"user": 0.000,"sys": 0.000,"wait": 0.000,"idle": 100.000},"cpu002": {"user": 0.000,"sys": 0.000,"wait": 0.000,"idle": 100.000},"cpu003": {"user": 0.000,"sys": 0.000,"wait": 0.000,"idle": 100.000},"cpu004": {"user": 0.000,"sys": 0.000,"wait": 0.000,"idle": 100.000},"cpu005": {"user": 0.000,"sys": 0.000,"wait": 0.000,"idle": 100.000},"cpu006": {"user": 0.000,"sys": 0.000,"wait": 0.000,"idle": 100.000},"cpu007": {"user": 0.000,"sys": 0.000,"wait": 0.000,"idle": 100.000},"cpu008": {"user": 0.000,"sys": 5.011,"wait": 0.000,"idle": 94.989},"cpu009": {"user": 0.000,"sys": 0.282,"wait": 0.000,"idle": 99.718},"cpu010": {"user": 0.000,"sys": 2.778,"wait": 0.000,"idle": 97.222},"cpu011": {"user": 0.000,"sys": 2.778,"wait": 0.000,"idle": 97.222},"cpu012": {"user": 0.000,"sys": 2.778,"wait": 0.000,"idle": 97.222},"cpu013": {"user": 0.000,"sys": 2.613,"wait": 0.000,"idle": 97.387},"cpu014": {"user": 0.000,"sys": 2.778,"wait": 0.000,"idle": 97.222},"cpu015": {"user": 0.000,"sys": 0.000,"wait": 0.000,"idle": 100.000}},"cpu_physicals": {"cpu000": {"user": 2.109,"sys": 0.392,"wait": 0.001,"idle": 0.067},"cpu001": {"user": 0.000,"sys": 0.003,"wait": 0.000,"idle": 1.027},"cpu002": {"user": 0.000,"sys": 0.002,"wait": 0.000,"idle": 0.518},"cpu003": {"user": 0.000,"sys": 0.002,"wait": 0.000,"idle": 1.027},"cpu004": {"user": 0.000,"sys": 0.002,"wait": 0.000,"idle": 0.517},"cpu005": {"user": 0.000,"sys": 0.002,"wait": 0.000,"idle": 1.027},"cpu006": {"user": 0.000,"sys": 0.002,"wait": 0.000,"idle": 0.517},"cpu007": {"user": 0.000,"sys": 0.001,"wait": 0.000,"idle": 1.027},"cpu008": {"user": 0.000,"sys": 0.000,"wait": 0.000,"idle": 0.010},"cpu009": {"user": 0.000,"sys": 0.000,"wait": 0.000,"idle": 0.015},"cpu010": {"user": 0.000,"sys": 0.000,"wait": 0.000,"idle": 0.017},"cpu011": {"user": 0.000,"sys": 0.000,"wait": 0.000,"idle": 0.015},"cpu012": {"user": 0.000,"sys": 0.000,"wait": 0.000,"idle": 0.016},"cpu013": {"user": 0.000,"sys": 0.000,"wait": 0.000,"idle": 0.007},"cpu014": {"user": 0.000,"sys": 0.000,"wait": 0.000,"idle": 0.016},"cpu015": {"user": 0.000,"sys": 0.005,"wait": 0.000,"idle": 0.008}},"cpu_syscalls": {"cpu000": {"syscall": 1374.025,"sysread": 116.802,"syswrite": 13.600,"sysfork": 2.400,"sysexec": 5.000,"sysreadch": 148365.867,"syswritech": 12432.023},"cpu001": {"syscall": 0.000,"sysread": 0.000,"syswrite": 0.000,"sysfork": 0.000,"sysexec": 0.000,"sysreadch": 0.000,"syswritech": 0.000},"cpu002": {"syscall": 0.000,"sysread": 0.000,"syswrite": 0.000,"sysfork": 0.000,"sysexec": 0.000,"sysreadch": 0.000,"syswritech": 0.000},"cpu003": {"syscall": 0.000,"sysread": 0.000,"syswrite": 0.000,"sysfork": 0.000,"sysexec": 0.000,"sysreadch": 0.000,"syswritech": 0.000},"cpu004": {"syscall": 0.000,"sysread": 0.000,"syswrite": 0.000,"sysfork": 0.000,"sysexec": 0.000,"sysreadch": 0.000,"syswritech": 0.000},"cpu005": {"syscall": 0.000,"sysread": 0.000,"syswrite": 0.000,"sysfork": 0.000,"sysexec": 0.000,"sysreadch": 0.000,"syswritech": 0.000},"cpu006": {"syscall": 0.000,"sysread": 0.000,"syswrite": 0.000,"sysfork": 0.000,"sysexec": 0.000,"sysreadch": 0.000,"syswritech": 0.000},"cpu007": {"syscall": 0.000,"sysread": 0.000,"syswrite": 0.000,"sysfork": 0.000,"sysexec": 0.000,"sysreadch": 0.000,"syswritech": 0.000},"cpu008": {"syscall": 0.000,"sysread": 0.000,"syswrite": 0.000,"sysfork": 0.000,"sysexec": 0.000,"sysreadch": 0.000,"syswritech": 0.000},"cpu009": {"syscall": 0.000,"sysread": 0.000,"syswrite": 0.000,"sysfork": 0.000,"sysexec": 0.000,"sysreadch": 0.000,"syswritech": 0.000},"cpu010": {"syscall": 0.000,"sysread": 0.000,"syswrite": 0.000,"sysfork": 0.000,"sysexec": 0.000,"sysreadch": 0.000,"syswritech": 0.000},"cpu011": {"syscall": 0.000,"sysread": 0.000,"syswrite": 0.000,"sysfork": 0.000,"sysexec": 0.000,"sysreadch": 0.000,"syswritech": 0.000},"cpu012": {"syscall": 0.000,"sysread": 0.000,"syswrite": 0.000,"sysfork": 0.000,"sysexec": 0.000,"sysreadch": 0.000,"syswritech": 0.000},"cpu013": {"syscall": 0.000,"sysread": 0.000,"syswrite": 0.000,"sysfork": 0.000,"sysexec": 0.000,"sysreadch": 0.000,"syswritech": 0.000},"cpu014": {"syscall": 0.000,"sysread": 0.000,"syswrite": 0.000,"sysfork": 0.000,"sysexec": 0.000,"sysreadch": 0.000,"syswritech": 0.000},"cpu015": {"syscall": 0.000,"sysread": 0.000,"syswrite": 0.000,"sysfork": 0.000,"sysexec": 0.000,"sysreadch": 0.000,"syswritech": 0.000}},"cpu_dispatch": {"cpu000": {"redisp_sd0": 121.602,"redisp_sd1": 0.000,"redisp_sd2": 0.000,"redisp_sd3": 0.200,"redisp_sd4": 0.000,"redisp_sd5": 0.000,"migration_push": 0.000,"invol_cswitch": 9.400,"vol_cswitch": 99.602},"cpu001": {"redisp_sd0": 0.200,"redisp_sd1": 0.200,"redisp_sd2": 0.000,"redisp_sd3": 0.000,"redisp_sd4": 0.000,"redisp_sd5": 0.000,"migration_push": 0.000,"invol_cswitch": 0.200,"vol_cswitch": 0.200},"cpu002": {"redisp_sd0": 0.000,"redisp_sd1": 0.200,"redisp_sd2": 0.000,"redisp_sd3": 0.000,"redisp_sd4": 0.000,"redisp_sd5": 0.000,"migration_push": 0.000,"invol_cswitch": 0.200,"vol_cswitch": 0.000},"cpu003": {"redisp_sd0": 0.000,"redisp_sd1": 0.200,"redisp_sd2": 0.000,"redisp_sd3": 0.000,"redisp_sd4": 0.000,"redisp_sd5": 0.000,"migration_push": 0.000,"invol_cswitch": 0.200,"vol_cswitch": 0.000},"cpu004": {"redisp_sd0": 0.000,"redisp_sd1": 0.200,"redisp_sd2": 0.000,"redisp_sd3": 0.000,"redisp_sd4": 0.000,"redisp_sd5": 0.000,"migration_push": 0.000,"invol_cswitch": 0.200,"vol_cswitch": 0.000},"cpu005": {"redisp_sd0": 0.000,"redisp_sd1": 0.200,"redisp_sd2": 0.000,"redisp_sd3": 0.000,"redisp_sd4": 0.000,"redisp_sd5": 0.000,"migration_push": 0.000,"invol_cswitch": 0.200,"vol_cswitch": 0.000},"cpu006": {"redisp_sd0": 0.000,"redisp_sd1": 0.200,"redisp_sd2": 0.000,"redisp_sd3": 0.000,"redisp_sd4": 0.000,"redisp_sd5": 0.000,"migration_push": 0.000,"invol_cswitch": 0.200,"vol_cswitch": 0.000},"cpu007": {"redisp_sd0": 0.000,"redisp_sd1": 0.200,"redisp_sd2": 0.000,"redisp_sd3": 0.000,"redisp_sd4": 0.000,"redisp_sd5": 0.000,"migration_push": 0.000,"invol_cswitch": 0.200,"vol_cswitch": 0.000},"cpu008": {"redisp_sd0": 0.000,"redisp_sd1": 0.000,"redisp_sd2": 0.000,"redisp_sd3": 0.200,"redisp_sd4": 0.000,"redisp_sd5": 0.000,"migration_push": 0.000,"invol_cswitch": 0.200,"vol_cswitch": 0.000},"cpu009": {"redisp_sd0": 0.000,"redisp_sd1": 0.200,"redisp_sd2": 0.000,"redisp_sd3": 0.000,"redisp_sd4": 0.000,"redisp_sd5": 0.000,"migration_push": 0.000,"invol_cswitch": 0.200,"vol_cswitch": 0.000},"cpu010": {"redisp_sd0": 0.000,"redisp_sd1": 0.200,"redisp_sd2": 0.000,"redisp_sd3": 0.000,"redisp_sd4": 0.000,"redisp_sd5": 0.000,"migration_push": 0.000,"invol_cswitch": 0.200,"vol_cswitch": 0.000},"cpu011": {"redisp_sd0": 0.000,"redisp_sd1": 0.200,"redisp_sd2": 0.000,"redisp_sd3": 0.000,"redisp_sd4": 0.000,"redisp_sd5": 0.000,"migration_push": 0.000,"invol_cswitch": 0.200,"vol_cswitch": 0.000},"cpu012": {"redisp_sd0": 0.000,"redisp_sd1": 0.200,"redisp_sd2": 0.000,"redisp_sd3": 0.000,"redisp_sd4": 0.000,"redisp_sd5": 0.000,"migration_push": 0.000,"invol_cswitch": 0.200,"vol_cswitch": 0.000},"cpu013": {"redisp_sd0": 0.000,"redisp_sd1": 0.200,"redisp_sd2": 0.000,"redisp_sd3": 0.000,"redisp_sd4": 0.000,"redisp_sd5": 0.000,"migration_push": 0.000,"invol_cswitch": 0.200,"vol_cswitch": 0.000},"cpu014": {"redisp_sd0": 0.000,"redisp_sd1": 0.200,"redisp_sd2": 0.000,"redisp_sd3": 0.000,"redisp_sd4": 0.000,"redisp_sd5": 0.000,"migration_push": 0.000,"invol_cswitch": 0.200,"vol_cswitch": 0.000},"cpu015": {"redisp_sd0": 0.000,"redisp_sd1": 0.200,"redisp_sd2": 0.000,"redisp_sd3": 0.000,"redisp_sd4": 0.000,"redisp_sd5": 0.000,"migration_push": 0.000,"invol_cswitch": 0.200,"vol_cswitch": 0.000}},"cpu_util": {"user_pct": 10.546,"kern_pct": 2.061,"idle_pct": 87.386,"wait_pct": 0.006,"physical_busy": 0.025,"physical_consumed": 0.084,"idle_donated_pct": 0.000,"busy_donated_pct": 0.000,"idle_stolen_pct": 0.000,"busy_stolen_pct": 0.000,"entitlement": 0.200,"entitlement_pct": 41.767,"freq_pct": 129.292,"nominal_mhz": 3000.000,"current_mhz": 3878.750},"cpu_details": {"cpus_active": 16,"cpus_configured": 16,"mhz": 3000.000,"cpus_description": "PowerPC_POWER9"},"kernel": {"pswitch": 217.404,"syscall": 1374.025,"sysread": 116.802,"syswrite": 13.600,"sysfork": 2.400,"sysexec": 5.000,"readch": 148365.867,"writech": 12432.023,"devintrs": 25.000,"softintrs": 54.401,"load_avg_1_min": 0.859,"load_avg_5_min": 1.055,"load_avg_15_min": 1.148,"run_queue": 0.000,"swp_queue": 0.000,"bread": 0.000,"bwrite": 0.000,"lread": 0.000,"lwrite": 0.000,"phread": 0.000,"phwrite": 0.000,"runocc_count": 0,"swpocc_count": 0,"runocc_average": 0.000,"swpocc_average": 0.000,"iget": 1.000,"namei": 151.803,"dirblk": 0.000,"msg": 0.000,"sema": 0.000,"rcvint": 0.000,"xmtint": 0.000,"mdmint": 0.000,"tty_rawinch": 0.400,"tty_caninch": 0.000,"tty_rawoutch": 0.400,"ksched": 0.000,"koverf": 0.000,"kexit": 0.000,"rbread": 0.000,"rcread": 0.000,"rbwrt": 0.000,"rcwrt": 0.000,"traps": 0.000,"ncpus_high": 16,"decrintrs": 323.006,"mpcrintrs": 0.000,"mpcsintrs": 0.000,"phantintrs": 0.000,"idle_donated_purr": 0.000,"idle_donated_spurr": 0.000,"busy_donated_purr": 0.000,"busy_donated_spurr": 0.000,"idle_stolen_purr": 0.000,"idle_stolen_spurr": 0.000,"busy_stolen_purr": 0.000,"busy_stolen_spurr": 0.000,"iowait": 0,"physio": 0,"twait": 0,"hpi": 0.000,"hpit": 0.000,"spurrflag": 1,"tb_last": 21564916342568590,"purr_coalescing": 0.000,"spurr_coalescing": 0.000},"cpu_logical_total": {"user": 0.335,"sys": 1.361,"wait": 0.000,"idle": 98.305},"cpu_physical_total": {"user": 25.250,"sys": 4.935,"wait": 0.015,"idle": 69.800},"cpu_physical_total_spurr": {"puser": 25.252,"psys": 4.935,"pidle": 69.798,"pwait": 0.015},"uptime": {"days": 328,"hours": 0,"minutes": 16,"users": 5},"memory": {"virt_total": 1179648,"real_total": 1048576,"real_free": 95905,"real_pinned": 535207,"real_inuse": 952671,"pgbad": 0.000,"pgexct": 893.016,"pgins": 0.000,"pgouts": 11.200,"pgspins": 0.000,"pgspouts": 0.000,"scans": 0.000,"cycles": 0.000,"pgsteals": 0.000,"numperm": 349522,"pgsp_total": 131072,"pgsp_free": 127354,"pgsp_rsvd": 512,"real_system": 391555,"real_user": 455628,"real_process": 211594,"virt_active": 593294,"iome": 4294967296,"iomu": 36282368,"iohwm": 38424576,"pmem": 4294967296,"comprsd_total": 0,"comprsd_wseg_pgs": 0,"cpgins": 0,"cpgouts": 0,"true_size": 0,"expanded_memory": 0,"comprsd_wseg_size": 0,"target_cpool_size": 0,"max_cpool_size": 0,"min_ucpool_size": 0,"cpool_size": 0,"ucpool_size": 0,"cpool_inuse": 0,"ucpool_inuse": 0,"real_avail": 413717,"bytes_coalesced": 0,"bytes_coalesced_mempool": 0},"memory_page": {"4KB": {"real_total": 638352,"real_free": 92321,"real_pinned": 172007,"real_inuse": 546031,"pgexct": 892.016,"pgins": 0.000,"pgouts": 11.200,"pgspins": 0.000,"pgspouts": 0.000,"scans": 0.000,"cycles": 0.000,"pgsteals": 0.000,"numperm": 349522,"numpgsp": 3717,"real_system": 55523,"real_user": 385228,"real_process": 140986,"virt_active": 186654,"comprsd_total": 0,"comprsd_wseg_pgs": 0,"cpgins": 0.000,"cpgouts": 0.000,"cpool_inuse": 0,"ucpool_size": 0,"comprsd_wseg_size": 0,"real_avail": 412053},"64KB": {"real_total": 25639,"real_free": 224,"real_pinned": 22700,"real_inuse": 25415,"pgexct": 1.000,"pgins": 0.000,"pgouts": 0.000,"pgspins": 0.000,"pgspouts": 0.000,"scans": 0.000,"cycles": 0.000,"pgsteals": 0.000,"numperm": 0,"numpgsp": 0,"real_system": 21002,"real_user": 4400,"real_process": 4413,"virt_active": 25415,"comprsd_total": 0,"comprsd_wseg_pgs": 0,"cpgins": 0.000,"cpgouts": 0.000,"cpool_inuse": 0,"ucpool_size": 0,"comprsd_wseg_size": 0,"real_avail": 104}},"paging_spaces": {"hd6": {"type": "LV","vgname": "rootvg","lp_size": 32,"mb_size": 512,"mb_used": 14,"io_pending": 0,"active": 1,"automatic": 1}},"vminfo": {"pgexct": 893.016,"pgrclm": 0.000,"lockexct": 0.000,"backtrks": 5.000,"pageins": 0.000,"pageouts": 11.200,"pgspgins": 0.000,"pgspgouts": 0.000,"numsios": 11.200,"numiodone": 3.600,"zerofills": 338.006,"exfills": 0.000,"scans": 0.000,"cycles": 0.000,"pgsteals": 0.000,"numfrb": 95905,"numclient": 349522,"numcompress": 0,"numperm": 349522,"maxperm": 836135,"memsizepgs": 1048576,"numvpages": 593294,"minperm": 27870,"minfree": 960,"maxfree": 1088,"maxclient": 836135,"npswarn": 4096,"npskill": 1024,"minpgahead": 2,"maxpgahead": 8,"ame_memsizepgs": 0,"ame_numfrb": 0,"ame_factor_tgt": 0,"ame_factor_actual": 0,"ame_deficit_size": 0},"network_interfaces": {"en0": {"description": "Standard Ethernet Network Interface","mtu": 1500,"ipackets": 1.600,"ibytes": 258.005,"ierrors": 0.000,"opackets": 1.000,"obytes": 250.004,"oerrors": 0.000,"collisions": 0.000,"xmitdrops": 0.000,"if_iqdrops": 0.000,"if_arpdrops": 0.000,"bitrate_mbit": 10240.000},"lo0": {"description": "Loopback Network Interface","mtu": 16896,"ipackets": 0.000,"ibytes": 0.000,"ierrors": 0.000,"opackets": 0.000,"obytes": 0.000,"oerrors": 0.000,"collisions": 0.000,"xmitdrops": 0.000,"if_iqdrops": 0.000,"if_arpdrops": 0.000,"bitrate_mbit": 0.000}},"network_adapters": {"ent0": {"adapter_type": "Virtual","tx_packets": 1.000,"tx_bytes": 250.004,"tx_interrupts": 0.000,"tx_errors": 0.000,"tx_packets_dropped": 0.000,"tx_queue_size": 0.000,"tx_queue_len": 0.000,"tx_queue_overflow": 0.000,"tx_broadcast_packets": 0.000,"tx_multicast_packets": 0.000,"tx_carrier_sense": 0.000,"tx_DMA_underrun": 0.000,"tx_lost_CTS_errors": 0.000,"tx_max_collision_errors": 0.000,"tx_late_collision_errors": 0.000,"tx_deferred": 0.000,"tx_timeout_errors": 0.000,"tx_single_collision_count": 0.000,"tx_multiple_collision_count": 0.000,"rx_packets": 1.600,"rx_bytes": 280.405,"rx_interrupts": 1.600,"rx_errors": 0.000,"rx_packets_dropped": 0.000,"rx_bad_packets": 0.000,"rx_multicast_packets": 0.000,"rx_broadcast_packets": 0.200,"rx_CRC_errors": 0.000,"rx_DMA_overrun": 0.000,"rx_alignment_errors": 0.000,"rx_noresource_errors": 0.000,"rx_collision_errors": 0.000,"rx_packet_tooshort_errors": 0.000,"rx_packet_toolong_errors": 0.000,"rx_packets_discardedbyadapter": 0.000}},"network_total": {"networks": 2,"ipackets": 1.600,"ibytes": 258.005,"ierrors": 0.000,"opackets": 1.000,"obytes": 250.004,"oerrors": 0.000,"collisions": 0.000,"xmitdrops": 0.000},"netbuffers": {"size64": {"inuse": 3804,"calls": 19193861,"delayed": 55,"free": 1444,"failed": 0,"highwatermark": 5240,"freed": 0},"size128": {"inuse": 1343,"calls": 10556348,"delayed": 41,"free": 1665,"failed": 0,"highwatermark": 3930,"freed": 0},"size256": {"inuse": 6211,"calls": 27584738,"delayed": 335,"free": 7389,"failed": 0,"highwatermark": 7860,"freed": 0},"size512": {"inuse": 8287,"calls": 207079229,"delayed": 987,"free": 3129,"failed": 0,"highwatermark": 16375,"freed": 0},"size1024": {"inuse": 174,"calls": 17895269,"delayed": 136,"free": 478,"failed": 0,"highwatermark": 3930,"freed": 0},"size2048": {"inuse": 3387,"calls": 8092630,"delayed": 1922,"free": 733,"failed": 0,"highwatermark": 9825,"freed": 0},"size4096": {"inuse": 43,"calls": 5924,"delayed": 26,"free": 267,"failed": 0,"highwatermark": 655,"freed": 0},"size8192": {"inuse": 16,"calls": 5318,"delayed": 19,"free": 131,"failed": 0,"highwatermark": 163,"freed": 76},"size16384": {"inuse": 264,"calls": 307,"delayed": 46,"free": 6,"failed": 0,"highwatermark": 81,"freed": 0},"size32768": {"inuse": 104,"calls": 86571,"delayed": 85,"free": 29,"failed": 0,"highwatermark": 40,"freed": 0},"size65536": {"inuse": 98,"calls": 9710,"delayed": 65,"free": 12,"failed": 0,"highwatermark": 40,"freed": 0},"size131072": {"inuse": 4,"calls": 60,"delayed": 0,"free": 303,"failed": 0,"highwatermark": 102,"freed": 0}},"disks": {"cd0": {"description": "Virtual SCSI Optical Served by VIO Server","vg": "None","blocksize": 2048,"size_mb": 0,"free_mb": 0,"xrate_read": 0.000,"xfers": 0.000,"read_blks": 0.000,"write_blks": 0.000,"read_mbps": 0.000,"write_mbps": 0.000,"busy": 0.000,"qdepth": 0},"hdisk0": {"description": "Virtual SCSI Disk Drive","vg": "rootvg","blocksize": 512,"size_mb": 51168,"free_mb": 37712,"xrate_read": 0.000,"xfers": 27.200,"read_blks": 0.000,"write_blks": 329.606,"read_mbps": 0.000,"write_mbps": 0.161,"busy": 0.400,"qdepth": 0,"rserv_min": 0.000,"rserv_max": 0.000,"rserv_avg": 0.000,"rtimeout": 0,"rfailed": 0,"wserv_min": 0.292,"wserv_max": 0.701,"wserv_avg": 0.427,"wtimeout": 0,"wfailed": 0,"wqueue_time_min": 0.001,"wqueue_time_max": 4.713,"wqueue_time_avg": 1.498,"avgWQsz": 0.000,"avgSQsz": 0.001,"SQfull": 85,"wq_depth": 0}},"disk_total": {"disks": 2,"size": 51168,"free": 37712,"xrate_read": 0.000,"xfers": 27.200,"read_blks": 0.000,"write_blks": 329.606,"time": 0.400,"rserv": 0.000,"wserv": 0.427,"rtimeout": 0.000,"wtimeout": 0.000,"rfailed": 0.000,"wfailed": 0.000,"wq_time": 1.498,"wq_depth": 0},"disk_paths": {"hdisk0_Path1_vscsi1": {"read_blks": 0.000,"write_blks": 0.000,"read_mbps": 0.000,"write_mbps": 0.000},"hdisk0_Path0_vscsi0": {"read_blks": 0.000,"write_blks": 329.606,"read_mbps": 0.000,"write_mbps": 0.161}},"disk_pathstatus": {"hdisk0_vscsi0": {"status": "Enabled","value": 7,"key": "Enabled=7 Available=6 Disabled=5 Failed=4 Defined=3 Missing=2 Detected=1 unknown=0"},"hdisk0_vscsi1": {"status": "Enabled","value": 7,"key": "Enabled=7 Available=6 Disabled=5 Failed=4 Defined=3 Missing=2 Detected=1 unknown=0"}},"disk_adapters": {"vscsi1": {"description": "Virtual SCSI Client Adapter","adapter_type": "SCSI, SAS, other","devices": 2,"size_mb": 51168,"free_mb": 37712,"capable_rate_kbps": 0,"bsize": 512,"transfers": 0.000,"rtransfers": 0.000,"wtransfers": 0.000,"read_kb": 0.000,"write_kb": 0.000,"read_time": 0.000,"write_time": 0.000,"time": 0.000},"vscsi0": {"description": "Virtual SCSI Client Adapter","adapter_type": "SCSI, SAS, other","devices": 1,"size_mb": 51168,"free_mb": 37712,"capable_rate_kbps": 0,"bsize": 512,"transfers": 27.000,"rtransfers": 0.000,"wtransfers": 27.000,"read_kb": 0.000,"write_kb": 164.003,"read_time": 0.000,"write_time": 0.000,"time": 0.400}},"fc_adapters": {"fcs1": {"state": "1","InputRequests": 0.000,"OutputRequests": 0.000,"InputBytes": 0.000,"OutputBytes": 0.000,"EffMaxTransfer": 1048576,"NoDMAResourceCnt": 0,"NoCmdResourceCnt": 0,"AttentionType": "0","SecondsSinceLastReset": 28340185,"TxFrames": 0.000,"TxWords": 0.000,"RxFrames": 0.000,"RxWords": 0.000,"PortSpeed": 17,"PortSupportedSpeed": 0,"PortFcId": 1514755,"PortType": "Fabric","PortWWN": "0xc050760bfe1d0036","adapter_type": "Fibre Channel"},"fcs0": {"state": "1","InputRequests": 0.000,"OutputRequests": 0.000,"InputBytes": 0.000,"OutputBytes": 0.000,"EffMaxTransfer": 1048576,"NoDMAResourceCnt": 0,"NoCmdResourceCnt": 0,"AttentionType": "0","SecondsSinceLastReset": 28340185,"TxFrames": 0.000,"TxWords": 0.000,"RxFrames": 0.000,"RxWords": 0.000,"PortSpeed": 17,"PortSupportedSpeed": 0,"PortFcId": 1516547,"PortType": "Fabric","PortWWN": "0xc050760bfe1d0032","adapter_type": "Fibre Channel"},"fcs2": {"state": "1","InputRequests": 0.000,"OutputRequests": 0.000,"InputBytes": 0.000,"OutputBytes": 0.000,"EffMaxTransfer": 1048576,"NoDMAResourceCnt": 0,"NoCmdResourceCnt": 0,"AttentionType": "0","SecondsSinceLastReset": 28340185,"TxFrames": 0.000,"TxWords": 0.000,"RxFrames": 0.000,"RxWords": 0.000,"PortSpeed": 17,"PortSupportedSpeed": 0,"PortFcId": 1582083,"PortType": "Fabric","PortWWN": "0xc050760bfe1d0034","adapter_type": "Fibre Channel"},"fcs3": {"state": "1","InputRequests": 0.000,"OutputRequests": 0.000,"InputBytes": 0.000,"OutputBytes": 0.000,"EffMaxTransfer": 1048576,"NoDMAResourceCnt": 0,"NoCmdResourceCnt": 0,"AttentionType": "0","SecondsSinceLastReset": 28340185,"TxFrames": 0.000,"TxWords": 0.000,"RxFrames": 0.000,"RxWords": 0.000,"PortSpeed": 17,"PortSupportedSpeed": 0,"PortFcId": 1580291,"PortType": "Fabric","PortWWN": "0xc050760bfe1d0038","adapter_type": "Fibre Channel"}},"filesystems": {"/": {"mount": "/","device": "/dev/hd4","size_mb": 96.000,"free_mb": 32.918,"used_percent": 65.710,"inode_percent": 35.045,"files_inuse": 12578,"files_free": 8170,"f_blocks": 24576,"f_bfree": 8427},"/home": {"mount": "/home","device": "/dev/hd1","size_mb": 6144.000,"free_mb": 5915.223,"used_percent": 3.724,"inode_percent": 0.015,"files_inuse": 1347353,"files_free": 1347157,"f_blocks": 1572864,"f_bfree": 1514297},"/usr": {"mount": "/usr","device": "/dev/hd2","size_mb": 2544.000,"free_mb": 299.609,"used_percent": 88.223,"inode_percent": 35.638,"files_inuse": 141393,"files_free": 91003,"f_blocks": 651264,"f_bfree": 76700},"/var": {"mount": "/var","device": "/dev/hd9var","size_mb": 1024.000,"free_mb": 112.887,"used_percent": 88.976,"inode_percent": 3.590,"files_inuse": 30584,"files_free": 29486,"f_blocks": 262144,"f_bfree": 28899},"/tmp": {"mount": "/tmp","device": "/dev/hd3","size_mb": 128.000,"free_mb": 121.473,"used_percent": 5.099,"inode_percent": 0.429,"files_inuse": 29113,"files_free": 28988,"f_blocks": 32768,"f_bfree": 31097},"/admin": {"mount": "/admin","device": "/dev/hd11admin","size_mb": 128.000,"free_mb": 127.629,"used_percent": 0.290,"inode_percent": 0.017,"files_inuse": 29138,"files_free": 29133,"f_blocks": 32768,"f_bfree": 32673},"/proc": {"mount": "/proc","device": "/proc","size_mb": 0.000,"free_mb": 0.000,"used_percent": 100.000,"inode_percent": 100.000,"files_inuse": 0,"files_free": 0,"f_blocks": -1,"f_bfree": 0},"/opt": {"mount": "/opt","device": "/dev/hd10opt","size_mb": 1536.000,"free_mb": 294.273,"used_percent": 80.842,"inode_percent": 16.665,"files_inuse": 86771,"files_free": 72311,"f_blocks": 393216,"f_bfree": 75334},"/var/adm/ras/livedump": {"mount": "/var/adm/ras/livedump","device": "/dev/livedump","size_mb": 256.000,"free_mb": 255.641,"used_percent": 0.140,"inode_percent": 0.007,"files_inuse": 58204,"files_free": 58200,"f_blocks": 65536,"f_bfree": 65444}},"NFS_totals": {"client_calls": 0.000,"client_badcalls": 0.000,"client_clgets": 0.000,"client_cltoomany": 0.000,"server_calls": 0.000,"server_badcalls": 0.000,"server_public_v2": 0.000,"server_public_v3": 0.000},"logicalvolumes": {"hd5": {"vgname": "rootvg","open_close": 2,"state": "Defined=1","mirror_policy": 2,"mirror_write_consistency": 1,"write_verify": 2,"ppsize_mb": 16,"logical_partitions": 3,"mirrors": 1,"iocnt": 0.000,"kbreads": 0.000,"kbwrites": 0.000},"hd6": {"vgname": "rootvg","open_close": 1,"state": "Defined=1","mirror_policy": 2,"mirror_write_consistency": 2,"write_verify": 2,"ppsize_mb": 16,"logical_partitions": 32,"mirrors": 1,"iocnt": 0.000,"kbreads": 0.000,"kbwrites": 0.000},"hd8": {"vgname": "rootvg","open_close": 1,"state": "Defined=1","mirror_policy": 2,"mirror_write_consistency": 2,"write_verify": 2,"ppsize_mb": 16,"logical_partitions": 1,"mirrors": 1,"iocnt": 5.400,"kbreads": 0.000,"kbwrites": 21.600},"hd4": {"vgname": "rootvg","open_close": 1,"state": "Defined=1","mirror_policy": 2,"mirror_write_consistency": 1,"write_verify": 2,"ppsize_mb": 16,"logical_partitions": 6,"mirrors": 1,"iocnt": 3.600,"kbreads": 0.000,"kbwrites": 14.400},"hd2": {"vgname": "rootvg","open_close": 1,"state": "Defined=1","mirror_policy": 2,"mirror_write_consistency": 1,"write_verify": 2,"ppsize_mb": 16,"logical_partitions": 159,"mirrors": 1,"iocnt": 12.000,"kbreads": 0.000,"kbwrites": 48.001},"hd9var": {"vgname": "rootvg","open_close": 1,"state": "Defined=1","mirror_policy": 2,"mirror_write_consistency": 1,"write_verify": 2,"ppsize_mb": 16,"logical_partitions": 64,"mirrors": 1,"iocnt": 7.600,"kbreads": 0.000,"kbwrites": 32.001},"hd3": {"vgname": "rootvg","open_close": 1,"state": "Defined=1","mirror_policy": 2,"mirror_write_consistency": 1,"write_verify": 2,"ppsize_mb": 16,"logical_partitions": 8,"mirrors": 1,"iocnt": 2.800,"kbreads": 0.000,"kbwrites": 12.800},"hd1": {"vgname": "rootvg","open_close": 1,"state": "Defined=1","mirror_policy": 2,"mirror_write_consistency": 1,"write_verify": 2,"ppsize_mb": 16,"logical_partitions": 384,"mirrors": 1,"iocnt": 0.800,"kbreads": 0.000,"kbwrites": 25.600},"hd10opt": {"vgname": "rootvg","open_close": 1,"state": "Defined=1","mirror_policy": 2,"mirror_write_consistency": 1,"write_verify": 2,"ppsize_mb": 16,"logical_partitions": 96,"mirrors": 1,"iocnt": 1.200,"kbreads": 0.000,"kbwrites": 9.600},"hd11admin": {"vgname": "rootvg","open_close": 1,"state": "Defined=1","mirror_policy": 2,"mirror_write_consistency": 1,"write_verify": 2,"ppsize_mb": 16,"logical_partitions": 8,"mirrors": 1,"iocnt": 0.000,"kbreads": 0.000,"kbwrites": 0.000},"lg_dumplv": {"vgname": "rootvg","open_close": 1,"state": "Defined=1","mirror_policy": 2,"mirror_write_consistency": 1,"write_verify": 2,"ppsize_mb": 16,"logical_partitions": 64,"mirrors": 1,"iocnt": 0.000,"kbreads": 0.000,"kbwrites": 0.000},"livedump": {"vgname": "rootvg","open_close": 1,"state": "Defined=1","mirror_policy": 2,"mirror_write_consistency": 1,"write_verify": 2,"ppsize_mb": 16,"logical_partitions": 16,"mirrors": 1,"iocnt": 0.000,"kbreads": 0.000,"kbwrites": 0.000}},"volumegroups": {"rootvg": {"total_disks": 1,"active_disks": 1,"total_logical_volumes": 12,"opened_logical_volumes": 11,"iocnt": 33.401,"kbreads": 0.000,"kbwrites": 164.003,"variedState": 0}},"lpar_format1": {"lpar_name": "bvqdemo05d","min_memory": 2048,"max_memory": 16384,"memory_region": 256,"dispatch_wheel_time": 10000000,"lpar_number": 20,"lpar_flags": 142079,"max_pcpus_in_sys": 16,"min_vcpus": 1,"max_vcpus": 4,"min_lcpus": 1,"max_lcpus": 32,"minimum_capacity": 0.100,"maximum_capacity": 1.000,"capacity_increment": 0.010,"smt_threads": 8,"num_lpars": 24,"servpar_id": 0,"desired_capacity": 0.200,"desired_vcpus": 2,"desired_memory": 4096,"desired_variable_capwt": 128,"true_max_memory": 16384,"true_min_memory": 2048,"ame_max_memory": 0,"ame_min_memory": 0,"spcm_status": 0,"spcm_max": 0},"lpar_format2": {"online_memory": 4096,"tot_dispatch_time": 41,"pool_idle_time": 2334,"dispatch_latency": 18000000,"lpar_flags": "0x00000056","pcpus_in_sys": 8,"online_vcpus": 2,"online_lcpus": 16,"pcpus_in_pool": 8,"unalloc_capacity": 0,"entitled_capacity": 0.200,"variable_weight": 128,"unalloc_weight": 0,"min_req_vcpu_capacity": 5,"group_id": 32788,"pool_id": 0,"shcpus_in_sys": 8,"max_pool_capacity": 8.000,"entitled_pool_capacity": 6.450,"pool_max_time": 3502,"pool_busy_time": 1123,"pool_scaled_busy_time": 1452,"shcpu_tot_time": 3502,"shcpu_busy_time": 1134,"shcpu_scaled_busy_time": 1466,"ent_mem_capacity": 4294967296,"phys_mem": 4294967296,"vrm_pool_physmem": 0,"hyp_pagesize": 4096,"vrm_pool_id": -1,"vrm_group_id": -1,"var_mem_weight": 0,"unalloc_var_mem_weight": 0,"unalloc_ent_mem_capacity": 0,"true_online_memory": 4096,"ame_online_memory": 0,"ame_type": 0,"ame_factor": 0,"em_part_major_code": 0,"em_part_minor_code": 1,"bytes_coalesced": 0,"bytes_coalesced_mempool": 0,"purr_coalescing": 0,"spurr_coalescing": 0},"rperf": {"mtm": "IBM-9009-22G","nominal_mhz": 3000.000,"cpu_vp": 2.000,"cpu_entitled": 0.200,"cpu_consumed": 0.084,"official_rperf": 202.300,"official_cpus": 8.000,"rperf_vp": 50.575,"rperf_entitlement": 5.058,"rperf_consumed": 2.112},"dynamic_reconfig": {"dr_entitlement_add": 0,"dr_entitlement_remove": 0,"dr_vp_change": 0,"dr_weight_add": 0,"dr_weight_remove": 0,"dr_mem_add": 0,"dr_mem_remove": 0,"dr_lpm": 0,"dr_last_event_time": "none"}}
